WN1|ABA62343.1|prM	Usutu|AAS59402.1|PreM|127-293	100.000	167	0	0	1	167	168	334	8.89e-125	344	VTLSNFQGKVMMTVNATDVTDVITIPTAAGKNLCIVRAMDVGYMCDDTITYECPVLSAGNDPEDIDCWCTKSAVYVRYGRCTKTRHSRRSRRSLTVQTHGESTLANKKGAWMDSTKATRYLVKTESWILRNPGYALVAAVIGWMLGSNTMQRVVFVVLLLLVAPAYS	VTLSNFQGKVMMTVNATDVTDVITIPTAAGKNLCIVRAMDVGYMCDDTITYECPVLSAGNDPEDIDCWCTKSAVYVRYGRCTKTRHSRRSRRSLTVQTHGESTLANKKGAWMDSTKATRYLVKTESWILRNPGYALVAAVIGWMLGSNTMQRVVFVVLLLLVAPAYS
WN1|ABA62343.1|prM	Usutu|AAS59402.1|PreM|127-293	78.443	167	36	0	1	167	1	167	9.58e-95	268	VTLSNFQGKVMMTVNATDVTDVITIPTAAGKNLCIVRAMDVGYMCDDTITYECPVLSAGNDPEDIDCWCTKSAVYVRYGRCTKTRHSRRSRRSLTVQTHGESTLANKKGAWMDSTKATRYLVKTESWILRNPGYALVAAVIGWMLGSNTMQRVVFVVLLLLVAPAYS	LKLSNFQGKVMMTINATDMADVIVVPTQHGKNQCWIRAMDVGYMCDDTITYECPKLDAGNDPEDIDCWCDKQPMYVHYGRCTRTRHSKRSRRSIAVQTHGESMLANKKDAWLDSTKASRYLMKTENWIIRNPGYAFVAVLLGWMLGSNNGQRVVFVVLLLLVAPAYS
WN1|ABA62343.1|prM	Kunjin|BAA00176.1|prM	96.407	167	6	0	1	167	11	177	4.93e-124	336	VTLSNFQGKVMMTVNATDVTDVITIPTAAGKNLCIVRAMDVGYMCDDTITYECPVLSAGNDPEDIDCWCTKSAVYVRYGRCTKTRHSRRSRRSLTVQTHGESTLANKKGAWMDSTKATRYLVKTESWILRNPGYALVAAVIGWMLGSNTMQRVVFVVLLLLVAPAYS	VTLSNFQGKVMMTVNATDVTDIITIPPAAGKNLCIVRAMDVGHMCDDTITYECPVLSAGNDPEDIDCWCTKLAVYVRYGRCTKTRHSRRSRRSLTVQTHGESTLSNKKGAWMDSTKATRYLVKTESWILRNPGYALVAAVIGWMLGSNTMQRVVFAVLLLLVAPAYS
WN1|ABA62343.1|prM	Alfuy|AAX82481.1|pre-membrane/membrane	77.246	167	38	0	1	167	1	167	3.42e-104	285	VTLSNFQGKVMMTVNATDVTDVITIPTAAGKNLCIVRAMDVGYMCDDTITYECPVLSAGNDPEDIDCWCTKSAVYVRYGRCTKTRHSRRSRRSLTVQTHGESTLANKKGAWMDSTKATRYLVKTESWILRNPGYALVAAVIGWMLGSNTMQRVVFVVLLLLVAPAYS	LKLSNFQGKVMMTINATDISDVITVPTPAGKNQCWVKAMDVGYMCADTITYECPKLDAGNDPEDIDCWCDNQAMYVSYGRCTRTRHSKRSKRSVAVQAHGESTLVNKKEAWLDSTKATRYLTKTENWIIRNPGYALVAVALGWMLGSNKAQKVIFTVLLLLVAPAYS
WN1|ABA62343.1|prM	Dengue_4|AAG45435.1|membrane	41.916	167	96	1	1	167	1	166	6.20e-52	153	VTLSNFQGKVMMTVNATDVTDVITIPTAAGKNLCIVRAMDVGYMCDDTITYECPVLSAGNDPEDIDCWCTKSAVYVRYGRCTKTRHSRRSRRSLTVQTHGESTLANKKGAWMDSTKATRYLVKTESWILRNPGYALVAAVIGWMLGSNTMQRVVFVVLLLLVAPAYS	FSLSTRDGEPLMIVAKHERGRPLLFKTTEGINKCTLIAMDLGEMCEDTVTYKCPLL-VNTEPEDIDCWCNLTSTWVMYGTCTQSGERRREKRSVALTPHSGMGLETRAETWMSSEGAWKHAQRVESWILRNPGFALLAGFMAYMIGQTGIQRTVFFVLMMLVAPSYG
WN1|ABA62343.1|prM	Dengue_1|AAB70695.1|membrane	34.356	163	106	1	3	165	3	164	6.38e-42	128	LSNFQGKVMMTVNATDVTDVITIPTAAGKNLCIVRAMDVGYMCDDTITYECPVLSAGNDPEDIDCWCTKSAVYVRYGRCTKTRHSRRSRRSLTVQTHGESTLANKKGAWMDSTKATRYLVKTESWILRNPGYALVAAVIGWMLGSNTMQRVVFVVLLLLVAPA	LTTRGGEPHMIVSKQERGKSLLFKTSAGVNMCTLIAMDLGELCEDTMTYKCPRITE-TEPDDVDCWCNATETWVTYGTCSQTGEHRRDKRSVALAPHVGLGLETRTETWMSSEGAWKQIQKVETWALRHPGFTVIALFLAHAIGTSITQKGIIFILLMLVTPS
WN1|ABA62343.1|prM	Yellow_fever|CAA27332.1|M	37.500	168	100	2	1	167	1	164	5.78e-35	110	VTLSNFQGKVMMTVNATDVTDVITIPTAAGKNLCIVRAMDVGYMCDDTITYECPVLSAGNDPEDIDCWCTK-SAVYVRYGRCTKTRHSRRSRRSLTVQTHGESTLANKKGAWMDSTKATRYLVKTESWILRNPGYALVAAVIGWMLGSNTMQRVVFVVLLLLVAPAYS	VTLVRKNRWLLLNVTSEDLGKTFSV----GTGNCTTNILEAKYWCPDSMEYNCPNLSPREEPDDIDCWCYGVENVRVAYGKCDSAGRSRRSRRAIDLPTHENHGLKTRQEKWMTGRMGERQLQKIERWFVRNPFFAVTALTIAYLVGSNMTQRVVIALLVLAVGPAYS
WN1|ABA62343.1|prM	Alkhurma|AFF18426.1|prM|118-281	32.593	135	89	2	34	167	31	164	1.28e-28	94.0	CIVRAMDVGYMCDDTITYECPVLSAGNDPEDIDCWCTK-SAVYVRYGRCTKTRHSRRSRRSLTVQTHGESTLANKKGAWMDSTKATRYLVKTESWILRNPGYALVAAVIGWMLGSNTMQRVVFVVLLLLVAPAYS	CIILATDMGSWCDDSIMYECVTIDSGEEPVDVDCFCRGVERVSLEYGRCGKPVGG-RSRRSVSIPVHAHSDLTGRGHKWLRGDSVKTHLTRVEGWVWKNKLLTMAFCAVVWMVTDSLPTRFIVITVALCLAPTYA
WN1|ABA62343.1|prM	Kokobera|AAV34157.1|Flavi_propep|130-203	52.703	74	35	0	11	84	1	74	1.05e-26	86.3	MMTVNATDVTDVITIPTAAGKNLCIVRAMDVGYMCDDTITYECPVLSAGNDPEDIDCWCTKSAVYVRYGRCTKT	LMKIQKADVGKVITIRTDRGENRCIVQAMDVGEDCEDTMKYLCPAIENPSEPDDIDCWCDKADAMVTYGRCSKT
WN1|ABA62343.1|prM	Langat|AAF75259.1|membrane-associated	31.111	135	91	2	34	167	31	164	1.07e-26	89.0	CIVRAMDVGYMCDDTITYECPVLSAGNDPEDIDCWCTK-SAVYVRYGRCTKTRHSRRSRRSLTVQTHGESTLANKKGAWMDSTKATRYLVKTESWILRNPGYALVAAVIGWMLGSNTMQRVVFVVLLLLVAPAYS	CVILATDMGSWCDDSLAYECVTIDQGEEPVDVDCFCRGVEKVTLEYGRCGRREGSRSRR-SVLIPSHAQRDLTGRGHQWLEGEAVKAHLTRVEGWVWKNKLFTLSLVMVAWLMVDGLLPRILIVVVALALAPAYA
WN1|ABA62343.1|prM	Dengue_3|AAM51537.1|premembrane/membrane	41.111	90	52	1	3	92	3	91	1.82e-24	81.3	LSNFQGKVMMTVNATDVTDVITIPTAAGKNLCIVRAMDVGYMCDDTITYECPVLSAGNDPEDIDCWCTKSAVYVRYGRCTKTRHSRRSRR	LTSRDGEPRMIVGKNERGKSLLFKTASGINMCTLIAMDLGEMCDDTVTYKCPHITE-VEPEDIDCWCNLTSTWVTYGTCNQAGEHRRDKR
WN1|ABA62343.1|prM	Zika_Brasil|AMB18850.1|Flavi_propep|127-203	44.286	70	39	0	12	81	8	77	4.52e-24	79.7	MTVNATDVTDVITIPTAAGKNLCIVRAMDVGYMCDDTITYECPVLSAGNDPEDIDCWCTKSAVYVRYGRC	MYLDRNDAGEAISFPTTLGMNKCYIQIMDLGHMCDATMSYECPMLDEGVEPDDVDCWCNTTSTWVVYGTC
WN1|ABA62343.1|prM	Dengue_2|AAB58782.1|Flavi_propep|120-198	44.737	76	41	1	7	82	2	76	6.99e-23	76.6	QGKVMMTVNATDVTDVITIPTAAGKNLCIVRAMDVGYMCDDTITYECPVLSAGNDPEDIDCWCTKSAVYVRYGRCT	NGEPHMIVSRQEKGKSLLFKTEDGVNMCTLMAMDLGELCEDTITYKCPLLRQ-NEPEDIDCWCNSTSTWVTYGTCT
WN1|ABA62343.1|prM	Zika_Africa|AAV34151.1|Flavi_propep|127-203	44.286	70	39	0	12	81	8	77	1.99e-22	75.5	MTVNATDVTDVITIPTAAGKNLCIVRAMDVGYMCDDTITYECPVLSAGNDPEDIDCWCTKSAVYVRYGRC	MYLDRSDAGKAISFATTLGVNKCHVQIMDLGHMCDATMSYECPMLDEGVEPDDVDCWCNTTSTWVVYGTC
WN1|ABA62343.1|prM	Ilheus|AAV34155.1|Flavi_propep|148-201	59.259	54	22	0	30	83	1	54	4.83e-22	73.9	GKNLCIVRAMDVGYMCDDTITYECPVLSAGNDPEDIDCWCTKSAVYVRYGRCTK	GTNMCTIRALDVGYTCAYDTTYECPHLEVTMDPEDIDCWCTLESVYVNYGLCKQ
WN1|ABA62343.1|prM	Bouboui|ABI54473.1|Flavi_propep|113-190	45.455	55	26	2	34	87	26	77	7.00e-14	53.5	CIVRAMDVGYMCDDTITYECPVLSAGNDPEDIDCWCTK-SAVYVRYGRCTKTRHS	CTMVATDVGTWCDDNIEYDCPNLQGNEEPDDLDCWCYDVPNMRVTYGKC---RHD
WN1|ABA62343.1|prM	Sepik|ABI23562.1|Flavi_propep|128-195	41.935	62	34	2	21	81	8	68	1.05e-12	50.1	DVITIPTAAGKNLCIVRAMDVGYMCDDTITYECPVLSAGNDPEDIDCWCTK-SAVYVRYGRC	DVGKTFEVQGGN-CSVNTLEAGKWCDDYVEYACVTLTEGEEPDDLDCWCYGVDNVRVTYGRC
WN1|ABA62343.1|prM	Jugra|ABI54482.1|Flavi_propep|112-187	45.098	51	27	1	34	83	26	76	2.01e-12	49.3	CIVRAMDVGYMCDDTITYECPVLSAGNDPEDIDCWCTK-SAVYVRYGRCTK	CTVVASDVGKWCPDNVEYDCITLQENEEPDDLDCWCYGIPNVRVTYGRCRE
